,N,macroF1,microF1,accuracy,cm,dev
0,10,0.0,0.0,0.0,"[[   0    0    0 2556]
 [   0    0    0 2556]
 [   0    0    0 2262]
 [   0    0    0    0]]",SET train
1,11,0.0,0.0,0.0,"[[   0    0    0 2556]
 [   0    0    0 2556]
 [   1    0    0 2261]
 [   0    0    0    0]]",SET train
2,13,0.0,0.0,0.0,"[[   0    0    1 2555]
 [   1    0    0 2555]
 [   0    0    0 2262]
 [   0    0    0    0]]",SET train
3,15,0.0002209456473707468,0.00013561160835367508,0.00013561160835367508,"[[   0    0    0 2556]
 [   1    0    0 2555]
 [   0    0    1 2261]
 [   0    0    0    0]]",SET train
4,17,0.00022084805653710247,0.00013561160835367508,0.00013561160835367508,"[[   0    0    1 2555]
 [   2    0    0 2554]
 [   0    0    1 2261]
 [   0    0    0    0]]",SET train
5,20,0.00022084805653710247,0.00013561160835367508,0.00013561160835367508,"[[   0    0    1 2555]
 [   2    0    0 2554]
 [   0    0    1 2261]
 [   0    0    0    0]]",SET train
6,23,0.0002209456473707468,0.00013561160835367508,0.00013561160835367508,"[[   0    0    0 2556]
 [   3    0    0 2553]
 [   0    0    1 2261]
 [   0    0    0    0]]",SET train
7,26,0.0002209456473707468,0.00013561160835367508,0.00013561160835367508,"[[   0    0    0 2556]
 [   3    0    0 2553]
 [   1    0    1 2260]
 [   0    0    0    0]]",SET train
