,macroF1,microF1,CM,dataset,split,clf
0,0.7668685960091502,0.875,"[[ 38  14   1   0]
 [  1  40   3   1]
 [  1   4 228   3]
 [  0  12   6  16]]",Twitter,dev,Bertic 1 epochs
1,0.711990783141818,0.845528455284553,"[[ 20  15   0   1]
 [  0  26   3   1]
 [  0   3 152   3]
 [  0   8   4  10]]",Twitter,test,Bertic 1 epochs
2,0.41307254258388615,0.6432058584214809,"[[  12 2540    0    4]
 [   1 2543    0   12]
 [   0   72 2188    2]
 [   0    0    0    0]]",SETimes,dev,Bertic 1 epochs
3,0.4131240714447929,0.6533970276008493,"[[  0 638   0   2]
 [  0 638   0   1]
 [  0  11 593   1]
 [  0   0   0   0]]",SETimes,test,Bertic 1 epochs
